sales_period,posted_date,store,country,artists,label,album_type,album_id,album_name,upc,release_date,song_id,song_name,track_num,tunecore_isrc,optional_isrc,distribution_type,units_sold,rev_per_unit,amount_earned
2013-11-01,2013-12-31,iTunes,AT,"Made in Heights",HEIGHTS,Album,1071131,"MADE IN HEIGHTS",859711410123,2013-10-31,4219427,"Skylark Interabang?!",1,TCABR1319427,,Download,1,0.9688692368900000000000,0.968869236890000000
2013-11-01,2013-12-31,iTunes,AT,"Made in Heights",HEIGHTS,Album,1071131,"MADE IN HEIGHTS",859711410123,2013-10-31,4219428,"All The Places",2,TCABR1319428,,Download,1,0.9688692368900000000000,0.968869236890000000
2013-11-01,2013-12-31,iTunes,AT,"Made in Heights",HEIGHTS,Album,1071131,"MADE IN HEIGHTS",859711410123,2013-10-31,4219430,"Hors D'œuvre",3,TCABR1319430,,Download,1,0.9688692368900000000000,0.968869236890000000
2013-11-01,2013-12-31,iTunes,AT,"Made in Heights",HEIGHTS,Album,1071131,"MADE IN HEIGHTS",859711410123,2013-10-31,4219431,"Wildflowers (Exhale Efreet)",4,TCABR1319431,,Download,1,0.9688692368900000000000,0.968869236890000000
2013-11-01,2013-12-31,iTunes,AT,"Made in Heights",HEIGHTS,Album,1071131,"MADE IN HEIGHTS",859711410123,2013-10-31,4219432,Viices,5,TCABR1319432,,Download,1,0.9688692368900000000000,0.968869236890000000
2013-11-01,2013-12-31,iTunes,AT,"Made in Heights",HEIGHTS,Album,1071131,"MADE IN HEIGHTS",859711410123,2013-10-31,4219433,Marguerite,6,TCABR1319433,,Download,1,0.9688692368900000000000,0.968869236890000000
2013-11-01,2013-12-31,iTunes,AT,"Made in Heights",HEIGHTS,Album,1071131,"MADE IN HEIGHTS",859711410123,2013-10-31,4219434,Amaranthine,7,TCABR1319434,,Download,1,0.9688692368900000000000,0.968869236890000000
2013-11-01,2013-12-31,iTunes,AT,"Made in Heights",HEIGHTS,Album,1071131,"MADE IN HEIGHTS",859711410123,2013-10-31,4219435,"Chatoyant (Beauty Bass)",8,TCABR1319435,,Download,1,0.9688692368900000000000,0.968869236890000000
2013-11-01,2013-12-31,iTunes,AT,"Made in Heights",HEIGHTS,Album,1071131,"MADE IN HEIGHTS",859711410123,2013-10-31,4219437,"Holla Mears",9,TCABR1319437,,Download,1,0.9688692368900000000000,0.968869236890000000
2013-11-01,2013-12-31,iTunes,AU,"Made in Heights",HEIGHTS,Album,1071131,"MADE IN HEIGHTS",859711410123,2013-10-31,4219427,"Skylark Interabang?!",1,TCABR1319427,,Download,6,0.8311010475240000000000,4.986606285144000000
2013-11-01,2013-12-31,iTunes,AU,"Made in Heights",HEIGHTS,Album,1071131,"MADE IN HEIGHTS",859711410123,2013-10-31,4219428,"All The Places",2,TCABR1319428,,Download,5,0.8311010475240000000000,4.155505237620000000
2013-11-01,2013-12-31,iTunes,AU,"Made in Heights",HEIGHTS,Album,1071131,"MADE IN HEIGHTS",859711410123,2013-10-31,4219430,"Hors D'œuvre",3,TCABR1319430,,Download,5,0.8311010475240000000000,4.155505237620000000
2013-11-01,2013-12-31,iTunes,AU,"Made in Heights",HEIGHTS,Album,1071131,"MADE IN HEIGHTS",859711410123,2013-10-31,4219431,"Wildflowers (Exhale Efreet)",4,TCABR1319431,,Download,4,0.8311010475240000000000,3.324404190096000000
2013-11-01,2013-12-31,iTunes,AU,"Made in Heights",HEIGHTS,Album,1071131,"MADE IN HEIGHTS",859711410123,2013-10-31,4219432,Viices,5,TCABR1319432,,Download,4,0.8311010475240000000000,3.324404190096000000
2013-11-01,2013-12-31,iTunes,AU,"Made in Heights",HEIGHTS,Album,1071131,"MADE IN HEIGHTS",859711410123,2013-10-31,4219433,Marguerite,6,TCABR1319433,,Download,4,0.8311010475240000000000,3.324404190096000000
2013-11-01,2013-12-31,iTunes,AU,"Made in Heights",HEIGHTS,Album,1071131,"MADE IN HEIGHTS",859711410123,2013-10-31,4219434,Amaranthine,7,TCABR1319434,,Download,4,0.8311010475240000000000,3.324404190096000000
2013-11-01,2013-12-31,iTunes,CA,"Made in Heights",HEIGHTS,Album,1071131,"MADE IN HEIGHTS",859711410123,2013-10-31,4219437,"Holla Mears",9,TCABR1319437,,Download,7,0.6513640014000000000000,4.559548009800000000
2013-11-01,2013-12-31,iTunes,CA,"Made in Heights, Sabzi",HEIGHTS,Album,1071153,"MADE IN HEIGHTS (Instrumentals)",859711410352,2013-10-31,4219594,"Skylark Interabang?! (Instrumentals)",1,TCABR1319594,,Download,1,0.6513640014000000000000,0.651364001400000000
2013-11-01,2013-12-31,iTunes,CA,"Made in Heights, Sabzi",HEIGHTS,Album,1071153,"MADE IN HEIGHTS (Instrumentals)",859711410352,2013-10-31,4219597,"All The Places (Instrumental)",2,TCABR1319597,,Download,1,0.6513640014000000000000,0.651364001400000000
2013-11-01,2013-12-31,iTunes,CA,"Made in Heights, Sabzi",HEIGHTS,Album,1071153,"MADE IN HEIGHTS (Instrumentals)",859711410352,2013-10-31,4219598,"Hors D'œuvre (Instrumental)",3,TCABR1319598,,Download,1,0.6513640014000000000000,0.651364001400000000
2013-11-01,2013-12-31,iTunes,CA,"Made in Heights, Sabzi",HEIGHTS,Album,1071153,"MADE IN HEIGHTS (Instrumentals)",859711410352,2013-10-31,4219599,"Wildflowers (Exhale Efreet) (Instrumental)",4,TCABR1319599,,Download,1,0.6513640014000000000000,0.651364001400000000
2013-11-01,2013-12-31,iTunes,CA,"Made in Heights, Sabzi",HEIGHTS,Album,1071153,"MADE IN HEIGHTS (Instrumentals)",859711410352,2013-10-31,4219600,"Viices (Instrumental)",5,TCABR1319600,,Download,1,0.6513640014000000000000,0.651364001400000000
2013-11-01,2013-12-31,iTunes,CA,"Made in Heights, Sabzi",HEIGHTS,Album,1071153,"MADE IN HEIGHTS (Instrumentals)",859711410352,2013-10-31,4219601,"Marguerite (Instrumental)",6,TCABR1319601,,Download,1,0.6513640014000000000000,0.651364001400000000
2013-11-01,2013-12-31,iTunes,CA,"Made in Heights, Sabzi",HEIGHTS,Album,1071153,"MADE IN HEIGHTS (Instrumentals)",859711410352,2013-10-31,4219602,"Amaranthine (Instrumental)",7,TCABR1319602,,Download,1,0.6513640014000000000000,0.651364001400000000
2013-11-01,2013-12-31,iTunes,CA,"Made in Heights, Sabzi",HEIGHTS,Album,1071153,"MADE IN HEIGHTS (Instrumentals)",859711410352,2013-10-31,4219604,"Chatoyant (Beauty Bass) (Instrumental)",8,TCABR1319604,,Download,1,0.6513640014000000000000,0.651364001400000000
2013-11-01,2013-12-31,iTunes,US,"Made in Heights",HEIGHTS,Album,1071131,"MADE IN HEIGHTS",859711410123,2013-10-31,4219432,Viices,5,TCABR1319432,,Download,198,0.6119105280902446969697,121.158284561868450000
2013-11-01,2013-12-31,iTunes,US,"Made in Heights",HEIGHTS,Album,1071131,"MADE IN HEIGHTS",859711410123,2013-10-31,4219433,Marguerite,6,TCABR1319433,,Download,104,0.6194997749009313461538,64.427976589696860000
2013-11-01,2013-12-31,iTunes,US,"Made in Heights",HEIGHTS,Album,1071131,"MADE IN HEIGHTS",859711410123,2013-10-31,4219434,Amaranthine,7,TCABR1319434,,Download,93,0.6399854952666441935484,59.518651059797910000
2013-11-01,2013-12-31,iTunes,US,"Made in Heights",HEIGHTS,Album,1071131,"MADE IN HEIGHTS",859711410123,2013-10-31,4219435,"Chatoyant (Beauty Bass)",8,TCABR1319435,,Download,102,0.6384410043360062745098,65.120982442272640000
2013-11-01,2013-12-31,iTunes,US,"Made in Heights",HEIGHTS,Album,1071131,"MADE IN HEIGHTS",859711410123,2013-10-31,4219437,"Holla Mears",9,TCABR1319437,,Download,125,0.6386051616577769600000,79.825645207222120000
2013-11-01,2013-12-31,iTunes,US,"Made in Heights, Sabzi",HEIGHTS,Album,1071153,"MADE IN HEIGHTS (Instrumentals)",859711410352,2013-10-31,4219594,"Skylark Interabang?! (Instrumentals)",1,TCABR1319594,,Download,9,0.6224812647194155555556,5.602331382474740000
2013-11-01,2013-12-31,iTunes,US,"Made in Heights, Sabzi",HEIGHTS,Album,1071153,"MADE IN HEIGHTS (Instrumentals)",859711410352,2013-10-31,4219597,"All The Places (Instrumental)",2,TCABR1319597,,Download,5,0.7000000000000000000000,3.500000000000000000
2013-11-01,2013-12-31,iTunes,US,"Made in Heights, Sabzi",HEIGHTS,Album,1071153,"MADE IN HEIGHTS (Instrumentals)",859711410352,2013-10-31,4219598,"Hors D'œuvre (Instrumental)",3,TCABR1319598,,Download,3,0.7000000000000000000000,2.100000000000000000
2013-11-01,2013-12-31,iTunes,US,"Made in Heights, Sabzi",HEIGHTS,Album,1071153,"MADE IN HEIGHTS (Instrumentals)",859711410352,2013-10-31,4219599,"Wildflowers (Exhale Efreet) (Instrumental)",4,TCABR1319599,,Download,5,0.7000000000000000000000,3.500000000000000000
2013-11-01,2013-12-31,iTunes,US,"Made in Heights, Sabzi",HEIGHTS,Album,1071153,"MADE IN HEIGHTS (Instrumentals)",859711410352,2013-10-31,4219600,"Viices (Instrumental)",5,TCABR1319600,,Download,5,0.7000000000000000000000,3.500000000000000000
2013-11-01,2013-12-31,iTunes,US,"Made in Heights, Sabzi",HEIGHTS,Album,1071153,"MADE IN HEIGHTS (Instrumentals)",859711410352,2013-10-31,4219601,"Marguerite (Instrumental)",6,TCABR1319601,,Download,4,0.7000000000000000000000,2.800000000000000000
2013-11-01,2013-12-31,iTunes,US,"Made in Heights, Sabzi",HEIGHTS,Album,1071153,"MADE IN HEIGHTS (Instrumentals)",859711410352,2013-10-31,4219602,"Amaranthine (Instrumental)",7,TCABR1319602,,Download,3,0.7000000000000000000000,2.100000000000000000
2013-11-01,2013-12-31,iTunes,US,"Made in Heights, Sabzi",HEIGHTS,Album,1071153,"MADE IN HEIGHTS (Instrumentals)",859711410352,2013-10-31,4219604,"Chatoyant (Beauty Bass) (Instrumental)",8,TCABR1319604,,Download,4,0.7000000000000000000000,2.800000000000000000
2013-11-01,2013-12-31,iTunes,US,"Made in Heights, Sabzi",HEIGHTS,Album,1071153,"MADE IN HEIGHTS (Instrumentals)",859711410352,2013-10-31,4219605,"Holla Mears (Instrumental)",9,TCABR1319605,,Download,4,0.7000000000000000000000,2.800000000000000000
2013-11-01,2013-12-31,iTunes,ZA,"Made in Heights",HEIGHTS,Album,1071131,"MADE IN HEIGHTS",859711410123,2013-10-31,4219427,"Skylark Interabang?!",1,TCABR1319427,,Download,1,0.4075637850000000000000,0.407563785000000000
2013-11-01,2013-12-31,iTunes,ZA,"Made in Heights",HEIGHTS,Album,1071131,"MADE IN HEIGHTS",859711410123,2013-10-31,4219428,"All The Places",2,TCABR1319428,,Download,1,0.4075637850000000000000,0.407563785000000000
2013-11-01,2013-12-31,iTunes,ZA,"Made in Heights",HEIGHTS,Album,1071131,"MADE IN HEIGHTS",859711410123,2013-10-31,4219430,"Hors D'œuvre",3,TCABR1319430,,Download,1,0.4075637850000000000000,0.407563785000000000
2013-11-01,2013-12-31,iTunes,ZA,"Made in Heights",HEIGHTS,Album,1071131,"MADE IN HEIGHTS",859711410123,2013-10-31,4219431,"Wildflowers (Exhale Efreet)",4,TCABR1319431,,Download,1,0.4075637850000000000000,0.407563785000000000
2013-11-01,2013-12-31,iTunes,ZA,"Made in Heights",HEIGHTS,Album,1071131,"MADE IN HEIGHTS",859711410123,2013-10-31,4219432,Viices,5,TCABR1319432,,Download,1,0.4075637850000000000000,0.407563785000000000
2013-11-01,2013-12-31,iTunes,ZA,"Made in Heights",HEIGHTS,Album,1071131,"MADE IN HEIGHTS",859711410123,2013-10-31,4219433,Marguerite,6,TCABR1319433,,Download,1,0.4075637850000000000000,0.407563785000000000
2013-11-01,2013-12-31,iTunes,ZA,"Made in Heights",HEIGHTS,Album,1071131,"MADE IN HEIGHTS",859711410123,2013-10-31,4219434,Amaranthine,7,TCABR1319434,,Download,1,0.4075637850000000000000,0.407563785000000000
2013-11-01,2013-12-31,iTunes,ZA,"Made in Heights",HEIGHTS,Album,1071131,"MADE IN HEIGHTS",859711410123,2013-10-31,4219435,"Chatoyant (Beauty Bass)",8,TCABR1319435,,Download,1,0.4075637850000000000000,0.407563785000000000
2013-11-01,2013-12-31,iTunes,ZA,"Made in Heights",HEIGHTS,Album,1071131,"MADE IN HEIGHTS",859711410123,2013-10-31,4219437,"Holla Mears",9,TCABR1319437,,Download,1,0.4075637850000000000000,0.407563785000000000
2013-11-01,2014-01-13,"Amazon Music",DE,"Made in Heights",HEIGHTS,Album,1071131,"MADE IN HEIGHTS",859711410123,2013-10-31,4219427,"Skylark Interabang?!",1,TCABR1319427,,Download,1,0.8148990000000000000000,0.814899000000000000
2013-11-01,2014-01-13,"Amazon Music",DE,"Made in Heights",HEIGHTS,Album,1071131,"MADE IN HEIGHTS",859711410123,2013-10-31,4219428,"All The Places",2,TCABR1319428,,Download,1,0.8148990000000000000000,0.814899000000000000
2013-11-01,2014-01-13,"Amazon Music",DE,"Made in Heights",HEIGHTS,Album,1071131,"MADE IN HEIGHTS",859711410123,2013-10-31,4219430,"Hors D'œuvre",3,TCABR1319430,,Download,1,0.8148990000000000000000,0.814899000000000000
2013-11-01,2014-01-13,"Amazon Music",DE,"Made in Heights",HEIGHTS,Album,1071131,"MADE IN HEIGHTS",859711410123,2013-10-31,4219431,"Wildflowers (Exhale Efreet)",4,TCABR1319431,,Download,1,0.8148990000000000000000,0.814899000000000000
2013-11-01,2014-01-13,"Amazon Music",DE,"Made in Heights",HEIGHTS,Album,1071131,"MADE IN HEIGHTS",859711410123,2013-10-31,4219432,Viices,5,TCABR1319432,,Download,1,0.8148990000000000000000,0.814899000000000000
2013-11-01,2014-01-13,"Amazon Music",DE,"Made in Heights",HEIGHTS,Album,1071131,"MADE IN HEIGHTS",859711410123,2013-10-31,4219433,Marguerite,6,TCABR1319433,,Download,1,0.8148990000000000000000,0.814899000000000000
2013-11-01,2014-01-13,"Amazon Music",DE,"Made in Heights",HEIGHTS,Album,1071131,"MADE IN HEIGHTS",859711410123,2013-10-31,4219434,Amaranthine,7,TCABR1319434,,Download,1,0.8148990000000000000000,0.814899000000000000
2013-11-01,2014-01-13,"Amazon Music",DE,"Made in Heights",HEIGHTS,Album,1071131,"MADE IN HEIGHTS",859711410123,2013-10-31,4219435,"Chatoyant (Beauty Bass)",8,TCABR1319435,,Download,1,0.8148990000000000000000,0.814899000000000000
2013-11-01,2014-01-13,"Amazon Music",DE,"Made in Heights",HEIGHTS,Album,1071131,"MADE IN HEIGHTS",859711410123,2013-10-31,4219437,"Holla Mears",9,TCABR1319437,,Download,1,0.8148990000000000000000,0.814899000000000000
2013-11-01,2014-01-13,iTunes,CA,"Made in Heights",HEIGHTS,Album,1071131,"MADE IN HEIGHTS",859711410123,2013-10-31,4219427,"Skylark Interabang?!",1,TCABR1319427,,Streaming,1,0.0019814561146500000000,0.001981456114650000
2013-11-01,2014-01-13,iTunes,ZA,"Made in Heights",HEIGHTS,Album,1071131,"MADE IN HEIGHTS",859711410123,2013-10-31,4219437,"Holla Mears",9,TCABR1319437,,Streaming,1,0.0034973765552900000000,0.003497376555290000
2013-11-01,2014-01-13,"Muve Music",US,"Made in Heights",HEIGHTS,Album,1071131,"MADE IN HEIGHTS",859711410123,2013-10-31,4219427,"Skylark Interabang?!",1,TCABR1319427,,Streaming,23,0.0096036967265565217391,0.220885024710800000
2013-11-01,2014-01-13,"Muve Music",US,"Made in Heights",HEIGHTS,Album,1071131,"MADE IN HEIGHTS",859711410123,2013-10-31,4219428,"All The Places",2,TCABR1319428,,Streaming,40,0.0096036967265625000000,0.384147869062500000
2013-11-01,2014-01-13,"Muve Music",US,"Made in Heights",HEIGHTS,Album,1071131,"MADE IN HEIGHTS",859711410123,2013-10-31,4219430,"Hors D'œuvre",3,TCABR1319430,,Streaming,20,0.0096036967265550000000,0.192073934531100000
2013-11-01,2014-01-13,"Muve Music",US,"Made in Heights",HEIGHTS,Album,1071131,"MADE IN HEIGHTS",859711410123,2013-10-31,4219431,"Wildflowers (Exhale Efreet)",4,TCABR1319431,,Streaming,35,0.0096036967265600000000,0.336129385429600000
2013-11-01,2014-01-13,"Muve Music",US,"Made in Heights",HEIGHTS,Album,1071131,"MADE IN HEIGHTS",859711410123,2013-10-31,4219432,Viices,5,TCABR1319432,,Streaming,25,0.0096036967265640000000,0.240092418164100000
2013-11-01,2014-01-13,"Muve Music",US,"Made in Heights",HEIGHTS,Album,1071131,"MADE IN HEIGHTS",859711410123,2013-10-31,4219433,Marguerite,6,TCABR1319433,,Streaming,24,0.0096036967265666666667,0.230488721437600000
2013-11-01,2014-01-13,"Muve Music",US,"Made in Heights",HEIGHTS,Album,1071131,"MADE IN HEIGHTS",859711410123,2013-10-31,4219434,Amaranthine,7,TCABR1319434,,Streaming,12,0.0096036967265666666667,0.115244360718800000
2013-11-01,2014-01-13,"Muve Music",US,"Made in Heights",HEIGHTS,Album,1071131,"MADE IN HEIGHTS",859711410123,2013-10-31,4219435,"Chatoyant (Beauty Bass)",8,TCABR1319435,,Streaming,12,0.0096036967265583333333,0.115244360718700000
2013-11-01,2014-01-13,"Muve Music",US,"Made in Heights",HEIGHTS,Album,1071131,"MADE IN HEIGHTS",859711410123,2013-10-31,4219437,"Holla Mears",9,TCABR1319437,,Streaming,19,0.0096036967265684210526,0.182470237804800000
2013-11-01,2014-01-13,"Muve Music",US,"Made in Heights, Sabzi",HEIGHTS,Album,1071153,"MADE IN HEIGHTS (Instrumentals)",859711410352,2013-10-31,4219594,"Skylark Interabang?! (Instrumentals)",1,TCABR1319594,,Streaming,3,0.0096036967266000000000,0.028811090179800000
2013-11-01,2014-01-13,"Muve Music",US,"Made in Heights, Sabzi",HEIGHTS,Album,1071153,"MADE IN HEIGHTS (Instrumentals)",859711410352,2013-10-31,4219597,"All The Places (Instrumental)",2,TCABR1319597,,Streaming,2,0.0096036967266000000000,0.019207393453200000
2013-11-01,2014-01-20,"Amazon Music",US,"Made in Heights",HEIGHTS,Album,1071131,"MADE IN HEIGHTS",859711410123,2013-10-31,4219427,"Skylark Interabang?!",1,TCABR1319427,,Download,7,0.7000000000000000000000,4.900000000000000000
2013-11-01,2014-01-20,"Amazon Music",US,"Made in Heights, Sabzi",HEIGHTS,Album,1071153,"MADE IN HEIGHTS (Instrumentals)",859711410352,2013-10-31,4219594,"Skylark Interabang?! (Instrumentals)",1,TCABR1319594,,Download,1,0.7000000000000000000000,0.700000000000000000
2013-11-01,2014-01-20,"Amazon Music",US,"Made in Heights, Sabzi",HEIGHTS,Album,1071153,"MADE IN HEIGHTS (Instrumentals)",859711410352,2013-10-31,4219597,"All The Places (Instrumental)",2,TCABR1319597,,Download,1,0.7000000000000000000000,0.700000000000000000
2013-11-01,2014-01-20,"Amazon Music",US,"Made in Heights, Sabzi",HEIGHTS,Album,1071153,"MADE IN HEIGHTS (Instrumentals)",859711410352,2013-10-31,4219598,"Hors D'œuvre (Instrumental)",3,TCABR1319598,,Download,1,0.7000000000000000000000,0.700000000000000000
2013-11-01,2014-01-20,"Amazon Music",US,"Made in Heights, Sabzi",HEIGHTS,Album,1071153,"MADE IN HEIGHTS (Instrumentals)",859711410352,2013-10-31,4219599,"Wildflowers (Exhale Efreet) (Instrumental)",4,TCABR1319599,,Download,1,0.7000000000000000000000,0.700000000000000000
2013-11-01,2014-01-20,"Amazon Music",US,"Made in Heights, Sabzi",HEIGHTS,Album,1071153,"MADE IN HEIGHTS (Instrumentals)",859711410352,2013-10-31,4219600,"Viices (Instrumental)",5,TCABR1319600,,Download,1,0.7000000000000000000000,0.700000000000000000
2013-11-01,2014-01-20,"Amazon Music",US,"Made in Heights, Sabzi",HEIGHTS,Album,1071153,"MADE IN HEIGHTS (Instrumentals)",859711410352,2013-10-31,4219601,"Marguerite (Instrumental)",6,TCABR1319601,,Download,1,0.7000000000000000000000,0.700000000000000000
2013-11-01,2014-01-20,"Amazon Music",US,"Made in Heights, Sabzi",HEIGHTS,Album,1071153,"MADE IN HEIGHTS (Instrumentals)",859711410352,2013-10-31,4219602,"Amaranthine (Instrumental)",7,TCABR1319602,,Download,1,0.7000000000000000000000,0.700000000000000000
2013-11-01,2014-01-20,"Amazon Music",US,"Made in Heights, Sabzi",HEIGHTS,Album,1071153,"MADE IN HEIGHTS (Instrumentals)",859711410352,2013-10-31,4219604,"Chatoyant (Beauty Bass) (Instrumental)",8,TCABR1319604,,Download,1,0.7000000000000000000000,0.700000000000000000
2013-11-01,2014-01-20,"Amazon Music",US,"Made in Heights, Sabzi",HEIGHTS,Album,1071153,"MADE IN HEIGHTS (Instrumentals)",859711410352,2013-10-31,4219605,"Holla Mears (Instrumental)",9,TCABR1319605,,Download,1,0.7000000000000000000000,0.700000000000000000
2013-11-01,2014-01-28,Spotify,IE,"Made in Heights, Sabzi",HEIGHTS,Album,1071153,"MADE IN HEIGHTS (Instrumentals)",859711410352,2013-10-31,4219594,"Skylark Interabang?! (Instrumentals)",1,TCABR1319594,,Streaming,1,0.0015140839469600000000,0.001514083946960000
2013-11-01,2014-01-28,Spotify,IE,"Made in Heights, Sabzi",HEIGHTS,Album,1071153,"MADE IN HEIGHTS (Instrumentals)",859711410352,2013-10-31,4219600,"Viices (Instrumental)",5,TCABR1319600,,Streaming,1,0.0015140839469600000000,0.001514083946960000
2013-11-01,2014-01-28,Spotify,IE,"Made in Heights, Sabzi",HEIGHTS,Album,1071153,"MADE IN HEIGHTS (Instrumentals)",859711410352,2013-10-31,4219601,"Marguerite (Instrumental)",6,TCABR1319601,,Streaming,1,0.0105034862246400000000,0.010503486224640000
2013-11-01,2014-01-28,Spotify,IS,"Made in Heights",HEIGHTS,Album,1071131,"MADE IN HEIGHTS",859711410123,2013-10-31,4219428,"All The Places",2,TCABR1319428,,Streaming,1,0.0097727922383900000000,0.009772792238390000
2013-11-01,2014-01-28,Spotify,IS,"Made in Heights",HEIGHTS,Album,1071131,"MADE IN HEIGHTS",859711410123,2013-10-31,4219432,Viices,5,TCABR1319432,,Streaming,1,0.0000446500928200000000,0.000044650092820000
2013-11-01,2014-01-28,Spotify,IT,"Made in Heights",HEIGHTS,Album,1071131,"MADE IN HEIGHTS",859711410123,2013-10-31,4219427,"Skylark Interabang?!",1,TCABR1319427,,Streaming,17,0.0049344985732211764706,0.083886475744760000
2013-11-01,2014-01-28,Spotify,IT,"Made in Heights",HEIGHTS,Album,1071131,"MADE IN HEIGHTS",859711410123,2013-10-31,4219428,"All The Places",2,TCABR1319428,,Streaming,8,0.0012418842971962500000,0.009935074377570000
2013-11-01,2014-01-28,Spotify,IT,"Made in Heights",HEIGHTS,Album,1071131,"MADE IN HEIGHTS",859711410123,2013-10-31,4219430,"Hors D'œuvre",3,TCABR1319430,,Streaming,20,0.0053222230722035000000,0.106444461444070000
2013-11-01,2014-01-28,Spotify,IT,"Made in Heights",HEIGHTS,Album,1071131,"MADE IN HEIGHTS",859711410123,2013-10-31,4219431,"Wildflowers (Exhale Efreet)",4,TCABR1319431,,Streaming,8,0.0020265648308525000000,0.016212518646820000
2013-11-01,2014-01-28,Spotify,IT,"Made in Heights",HEIGHTS,Album,1071131,"MADE IN HEIGHTS",859711410123,2013-10-31,4219432,Viices,5,TCABR1319432,,Streaming,9,0.0019393781048900000000,0.017454402944010000
2013-11-01,2014-01-28,Spotify,IT,"Made in Heights",HEIGHTS,Album,1071131,"MADE IN HEIGHTS",859711410123,2013-10-31,4219433,Marguerite,6,TCABR1319433,,Streaming,6,0.0022881250087366666667,0.013728750052420000
2013-11-01,2014-01-28,Spotify,IT,"Made in Heights",HEIGHTS,Album,1071131,"MADE IN HEIGHTS",859711410123,2013-10-31,4219434,Amaranthine,7,TCABR1319434,,Streaming,5,0.0012418842971960000000,0.006209421485980000
2013-11-01,2014-01-28,Spotify,IT,"Made in Heights",HEIGHTS,Album,1071131,"MADE IN HEIGHTS",859711410123,2013-10-31,4219435,"Chatoyant (Beauty Bass)",8,TCABR1319435,,Streaming,5,0.0012418842971960000000,0.006209421485980000
2013-11-01,2014-01-28,Spotify,IT,"Made in Heights",HEIGHTS,Album,1071131,"MADE IN HEIGHTS",859711410123,2013-10-31,4219437,"Holla Mears",9,TCABR1319437,,Streaming,6,0.0012418842971966666667,0.007451305783180000
2013-11-01,2014-01-28,Spotify,IT,"Made in Heights, Sabzi",HEIGHTS,Album,1071153,"MADE IN HEIGHTS (Instrumentals)",859711410352,2013-10-31,4219594,"Skylark Interabang?! (Instrumentals)",1,TCABR1319594,,Streaming,6,0.0012418842971966666667,0.007451305783180000
2013-11-01,2014-01-28,Spotify,IT,"Made in Heights, Sabzi",HEIGHTS,Album,1071153,"MADE IN HEIGHTS (Instrumentals)",859711410352,2013-10-31,4219597,"All The Places (Instrumental)",2,TCABR1319597,,Streaming,3,0.0012418842971966666667,0.003725652891590000
2013-11-01,2014-01-28,Spotify,IT,"Made in Heights, Sabzi",HEIGHTS,Album,1071153,"MADE IN HEIGHTS (Instrumentals)",859711410352,2013-10-31,4219598,"Hors D'œuvre (Instrumental)",3,TCABR1319598,,Streaming,4,0.0012418842971975000000,0.004967537188790000
2013-11-01,2014-01-28,Spotify,IT,"Made in Heights, Sabzi",HEIGHTS,Album,1071153,"MADE IN HEIGHTS (Instrumentals)",859711410352,2013-10-31,4219599,"Wildflowers (Exhale Efreet) (Instrumental)",4,TCABR1319599,,Streaming,2,0.0012418842971950000000,0.002483768594390000
2013-11-01,2014-01-28,Spotify,IT,"Made in Heights, Sabzi",HEIGHTS,Album,1071153,"MADE IN HEIGHTS (Instrumentals)",859711410352,2013-10-31,4219600,"Viices (Instrumental)",5,TCABR1319600,,Streaming,2,0.0012418842971950000000,0.002483768594390000
2013-11-01,2014-01-28,Spotify,IT,"Made in Heights, Sabzi",HEIGHTS,Album,1071153,"MADE IN HEIGHTS (Instrumentals)",859711410352,2013-10-31,4219601,"Marguerite (Instrumental)",6,TCABR1319601,,Streaming,4,0.0012418842971975000000,0.004967537188790000
2013-11-01,2014-01-28,Spotify,IT,"Made in Heights, Sabzi",HEIGHTS,Album,1071153,"MADE IN HEIGHTS (Instrumentals)",859711410352,2013-10-31,4219602,"Amaranthine (Instrumental)",7,TCABR1319602,,Streaming,2,0.0012418842971950000000,0.002483768594390000
2013-11-01,2014-01-28,Spotify,IT,"Made in Heights, Sabzi",HEIGHTS,Album,1071153,"MADE IN HEIGHTS (Instrumentals)",859711410352,2013-10-31,4219604,"Chatoyant (Beauty Bass) (Instrumental)",8,TCABR1319604,,Streaming,3,0.0012418842971966666667,0.003725652891590000
2013-11-01,2014-01-28,Spotify,IT,"Made in Heights, Sabzi",HEIGHTS,Album,1071153,"MADE IN HEIGHTS (Instrumentals)",859711410352,2013-10-31,4219605,"Holla Mears (Instrumental)",9,TCABR1319605,,Streaming,1,0.0012418842972000000000,0.001241884297200000
2013-11-01,2014-01-28,Spotify,LV,"Made in Heights",HEIGHTS,Album,1071131,"MADE IN HEIGHTS",859711410123,2013-10-31,4219427,"Skylark Interabang?!",1,TCABR1319427,,Streaming,2,0.0020833533189950000000,0.004166706637990000
2013-11-01,2014-01-28,Spotify,LV,"Made in Heights",HEIGHTS,Album,1071131,"MADE IN HEIGHTS",859711410123,2013-10-31,4219428,"All The Places",2,TCABR1319428,,Streaming,1,0.0020833530471900000000,0.002083353047190000
2013-11-01,2014-01-28,Spotify,LV,"Made in Heights",HEIGHTS,Album,1071131,"MADE IN HEIGHTS",859711410123,2013-10-31,4219430,"Hors D'œuvre",3,TCABR1319430,,Streaming,1,0.0020833530471900000000,0.002083353047190000
2013-11-01,2014-01-28,Spotify,LV,"Made in Heights",HEIGHTS,Album,1071131,"MADE IN HEIGHTS",859711410123,2013-10-31,4219432,Viices,5,TCABR1319432,,Streaming,1,0.0020833530471900000000,0.002083353047190000
2013-11-01,2014-01-28,Spotify,MX,"Made in Heights",HEIGHTS,Album,1071131,"MADE IN HEIGHTS",859711410123,2013-10-31,4219427,"Skylark Interabang?!",1,TCABR1319427,,Streaming,3,0.0019407984557700000000,0.005822395367310000
2013-11-01,2014-01-28,Spotify,MX,"Made in Heights",HEIGHTS,Album,1071131,"MADE IN HEIGHTS",859711410123,2013-10-31,4219428,"All The Places",2,TCABR1319428,,Streaming,6,0.0007987088623500000000,0.004792253174100000
2013-11-01,2014-01-28,Spotify,MX,"Made in Heights",HEIGHTS,Album,1071131,"MADE IN HEIGHTS",859711410123,2013-10-31,4219430,"Hors D'œuvre",3,TCABR1319430,,Streaming,3,0.0007987088623500000000,0.002396126587050000
2013-11-01,2014-01-28,Spotify,MX,"Made in Heights",HEIGHTS,Album,1071131,"MADE IN HEIGHTS",859711410123,2013-10-31,4219431,"Wildflowers (Exhale Efreet)",4,TCABR1319431,,Streaming,3,0.0007987088623500000000,0.002396126587050000
2013-11-01,2014-01-28,Spotify,MX,"Made in Heights",HEIGHTS,Album,1071131,"MADE IN HEIGHTS",859711410123,2013-10-31,4219432,Viices,5,TCABR1319432,,Streaming,5,0.0007987088623500000000,0.003993544311750000
2013-11-01,2014-01-28,Spotify,MX,"Made in Heights",HEIGHTS,Album,1071131,"MADE IN HEIGHTS",859711410123,2013-10-31,4219433,Marguerite,6,TCABR1319433,,Streaming,1,0.0007987088623500000000,0.000798708862350000
2013-11-01,2014-01-28,Spotify,MX,"Made in Heights",HEIGHTS,Album,1071131,"MADE IN HEIGHTS",859711410123,2013-10-31,4219434,Amaranthine,7,TCABR1319434,,Streaming,5,0.0007987088623500000000,0.003993544311750000
2013-11-01,2014-01-28,Spotify,MX,"Made in Heights",HEIGHTS,Album,1071131,"MADE IN HEIGHTS",859711410123,2013-10-31,4219435,"Chatoyant (Beauty Bass)",8,TCABR1319435,,Streaming,5,0.0007987088623500000000,0.003993544311750000
2013-11-01,2014-01-28,Spotify,MX,"Made in Heights",HEIGHTS,Album,1071131,"MADE IN HEIGHTS",859711410123,2013-10-31,4219437,"Holla Mears",9,TCABR1319437,,Streaming,2,0.0007987088623500000000,0.001597417724700000
2013-11-01,2014-01-28,Spotify,MX,"Made in Heights, Sabzi",HEIGHTS,Album,1071153,"MADE IN HEIGHTS (Instrumentals)",859711410352,2013-10-31,4219594,"Skylark Interabang?! (Instrumentals)",1,TCABR1319594,,Streaming,1,0.0007987088623500000000,0.000798708862350000
2013-11-01,2014-01-28,Spotify,MX,"Made in Heights, Sabzi",HEIGHTS,Album,1071153,"MADE IN HEIGHTS (Instrumentals)",859711410352,2013-10-31,4219598,"Hors D'œuvre (Instrumental)",3,TCABR1319598,,Streaming,1,0.0007987088623500000000,0.000798708862350000
2013-11-01,2014-01-28,Spotify,MX,"Made in Heights, Sabzi",HEIGHTS,Album,1071153,"MADE IN HEIGHTS (Instrumentals)",859711410352,2013-10-31,4219600,"Viices (Instrumental)",5,TCABR1319600,,Streaming,1,0.0007987088623500000000,0.000798708862350000
2013-11-01,2014-01-28,Spotify,MX,"Made in Heights, Sabzi",HEIGHTS,Album,1071153,"MADE IN HEIGHTS (Instrumentals)",859711410352,2013-10-31,4219601,"Marguerite (Instrumental)",6,TCABR1319601,,Streaming,1,0.0007987088623500000000,0.000798708862350000
2013-11-01,2014-01-28,Spotify,MX,"Made in Heights, Sabzi",HEIGHTS,Album,1071153,"MADE IN HEIGHTS (Instrumentals)",859711410352,2013-10-31,4219602,"Amaranthine (Instrumental)",7,TCABR1319602,,Streaming,2,0.0007987088623500000000,0.001597417724700000
2013-11-01,2014-01-28,Spotify,MY,"Made in Heights",HEIGHTS,Album,1071131,"MADE IN HEIGHTS",859711410123,2013-10-31,4219427,"Skylark Interabang?!",1,TCABR1319427,,Streaming,10,0.0045564801464950000000,0.045564801464950000
2013-11-01,2014-01-28,Spotify,MY,"Made in Heights",HEIGHTS,Album,1071131,"MADE IN HEIGHTS",859711410123,2013-10-31,4219428,"All The Places",2,TCABR1319428,,Streaming,2,0.0026203250981500000000,0.005240650196300000
2013-11-01,2014-01-28,Spotify,MY,"Made in Heights",HEIGHTS,Album,1071131,"MADE IN HEIGHTS",859711410123,2013-10-31,4219430,"Hors D'œuvre",3,TCABR1319430,,Streaming,1,0.0026203250981500000000,0.002620325098150000
2013-11-01,2014-01-28,Spotify,MY,"Made in Heights",HEIGHTS,Album,1071131,"MADE IN HEIGHTS",859711410123,2013-10-31,4219431,"Wildflowers (Exhale Efreet)",4,TCABR1319431,,Streaming,2,0.0026203250981500000000,0.005240650196300000
2013-11-01,2014-01-28,Spotify,MY,"Made in Heights",HEIGHTS,Album,1071131,"MADE IN HEIGHTS",859711410123,2013-10-31,4219432,Viices,5,TCABR1319432,,Streaming,4,0.0026203250981500000000,0.010481300392600000
2013-11-01,2014-01-28,Spotify,NL,"Made in Heights",HEIGHTS,Album,1071131,"MADE IN HEIGHTS",859711410123,2013-10-31,4219427,"Skylark Interabang?!",1,TCABR1319427,,Streaming,38,0.0099135177415176315789,0.376713674177670000
2013-11-01,2014-01-28,Spotify,NL,"Made in Heights",HEIGHTS,Album,1071131,"MADE IN HEIGHTS",859711410123,2013-10-31,4219428,"All The Places",2,TCABR1319428,,Streaming,28,0.0090087675115221428571,0.252245490322620000
2013-11-01,2014-01-28,Spotify,NL,"Made in Heights",HEIGHTS,Album,1071131,"MADE IN HEIGHTS",859711410123,2013-10-31,4219430,"Hors D'œuvre",3,TCABR1319430,,Streaming,17,0.0119425026513547058824,0.203022545073030000
2013-11-01,2014-01-28,Spotify,NL,"Made in Heights",HEIGHTS,Album,1071131,"MADE IN HEIGHTS",859711410123,2013-10-31,4219431,"Wildflowers (Exhale Efreet)",4,TCABR1319431,,Streaming,16,0.0104701665072112500000,0.167522664115380000
2013-11-01,2014-01-28,Spotify,NL,"Made in Heights",HEIGHTS,Album,1071131,"MADE IN HEIGHTS",859711410123,2013-10-31,4219432,Viices,5,TCABR1319432,,Streaming,27,0.0109890426028525925926,0.296704150277020000
2013-11-01,2014-01-28,Spotify,NL,"Made in Heights",HEIGHTS,Album,1071131,"MADE IN HEIGHTS",859711410123,2013-10-31,4219433,Marguerite,6,TCABR1319433,,Streaming,18,0.0105382543488027777778,0.189688578278450000
2013-11-01,2014-01-28,Spotify,NL,"Made in Heights",HEIGHTS,Album,1071131,"MADE IN HEIGHTS",859711410123,2013-10-31,4219434,Amaranthine,7,TCABR1319434,,Streaming,17,0.0085196294044982352941,0.144833699876470000
2013-11-01,2014-01-28,Spotify,NL,"Made in Heights",HEIGHTS,Album,1071131,"MADE IN HEIGHTS",859711410123,2013-10-31,4219435,"Chatoyant (Beauty Bass)",8,TCABR1319435,,Streaming,18,0.0081152682605588888889,0.146074828690060000
2013-11-01,2014-01-28,Spotify,NL,"Made in Heights",HEIGHTS,Album,1071131,"MADE IN HEIGHTS",859711410123,2013-10-31,4219437,"Holla Mears",9,TCABR1319437,,Streaming,12,0.0102659029824358333333,0.123190835789230000
2013-11-01,2014-01-28,Spotify,NL,"Made in Heights, Sabzi",HEIGHTS,Album,1071153,"MADE IN HEIGHTS (Instrumentals)",859711410352,2013-10-31,4219594,"Skylark Interabang?! (Instrumentals)",1,TCABR1319594,,Streaming,8,0.0123178329998700000000,0.098542663998960000
2013-11-01,2014-01-28,Spotify,NL,"Made in Heights, Sabzi",HEIGHTS,Album,1071153,"MADE IN HEIGHTS (Instrumentals)",859711410352,2013-10-31,4219597,"All The Places (Instrumental)",2,TCABR1319597,,Streaming,3,0.0086599709932933333333,0.025979912979880000
2013-11-01,2014-01-28,Spotify,NL,"Made in Heights, Sabzi",HEIGHTS,Album,1071153,"MADE IN HEIGHTS (Instrumentals)",859711410352,2013-10-31,4219598,"Hors D'œuvre (Instrumental)",3,TCABR1319598,,Streaming,2,0.0074484779491700000000,0.014896955898340000
2013-11-01,2014-01-28,Spotify,NL,"Made in Heights, Sabzi",HEIGHTS,Album,1071153,"MADE IN HEIGHTS (Instrumentals)",859711410352,2013-10-31,4219599,"Wildflowers (Exhale Efreet) (Instrumental)",4,TCABR1319599,,Streaming,1,0.0038139988168000000000,0.003813998816800000
2013-11-01,2014-01-28,Spotify,NL,"Made in Heights, Sabzi",HEIGHTS,Album,1071153,"MADE IN HEIGHTS (Instrumentals)",859711410352,2013-10-31,4219600,"Viices (Instrumental)",5,TCABR1319600,,Streaming,2,0.0074484779491700000000,0.014896955898340000
2013-11-01,2014-01-28,Spotify,NL,"Made in Heights, Sabzi",HEIGHTS,Album,1071153,"MADE IN HEIGHTS (Instrumentals)",859711410352,2013-10-31,4219601,"Marguerite (Instrumental)",6,TCABR1319601,,Streaming,1,0.0038139988168000000000,0.003813998816800000
2013-11-01,2014-01-28,Spotify,NL,"Made in Heights, Sabzi",HEIGHTS,Album,1071153,"MADE IN HEIGHTS (Instrumentals)",859711410352,2013-10-31,4219602,"Amaranthine (Instrumental)",7,TCABR1319602,,Streaming,1,0.0038139988168000000000,0.003813998816800000
2013-11-01,2014-01-28,Spotify,NL,"Made in Heights, Sabzi",HEIGHTS,Album,1071153,"MADE IN HEIGHTS (Instrumentals)",859711410352,2013-10-31,4219604,"Chatoyant (Beauty Bass) (Instrumental)",8,TCABR1319604,,Streaming,1,0.0038139988168000000000,0.003813998816800000
2013-11-01,2014-01-28,Spotify,NL,"Made in Heights, Sabzi",HEIGHTS,Album,1071153,"MADE IN HEIGHTS (Instrumentals)",859711410352,2013-10-31,4219605,"Holla Mears (Instrumental)",9,TCABR1319605,,Streaming,1,0.0038139988168000000000,0.003813998816800000
2013-11-01,2014-01-28,Spotify,NO,"Made in Heights",HEIGHTS,Album,1071131,"MADE IN HEIGHTS",859711410123,2013-10-31,4219427,"Skylark Interabang?!",1,TCABR1319427,,Streaming,45,0.0089245551288260000000,0.401604980797170000
2013-11-01,2014-01-28,Spotify,NO,"Made in Heights",HEIGHTS,Album,1071131,"MADE IN HEIGHTS",859711410123,2013-10-31,4219428,"All The Places",2,TCABR1319428,,Streaming,29,0.0086591907079275862069,0.251116530529900000
2013-11-01,2014-01-28,Spotify,NO,"Made in Heights",HEIGHTS,Album,1071131,"MADE IN HEIGHTS",859711410123,2013-10-31,4219430,"Hors D'œuvre",3,TCABR1319430,,Streaming,44,0.0089230264486043181818,0.392613163738590000
2013-11-01,2014-01-28,Spotify,NO,"Made in Heights",HEIGHTS,Album,1071131,"MADE IN HEIGHTS",859711410123,2013-10-31,4219431,"Wildflowers (Exhale Efreet)",4,TCABR1319431,,Streaming,24,0.0088657009402845833333,0.212776822566830000
2013-11-01,2014-01-28,Spotify,NO,"Made in Heights",HEIGHTS,Album,1071131,"MADE IN HEIGHTS",859711410123,2013-10-31,4219432,Viices,5,TCABR1319432,,Streaming,85,0.0080995825001429411765,0.688464512512150000
2013-11-01,2014-01-28,Spotify,NO,"Made in Heights",HEIGHTS,Album,1071131,"MADE IN HEIGHTS",859711410123,2013-10-31,4219433,Marguerite,6,TCABR1319433,,Streaming,21,0.0088476843519557142857,0.185801371391070000
2013-11-01,2014-01-28,Spotify,NO,"Made in Heights",HEIGHTS,Album,1071131,"MADE IN HEIGHTS",859711410123,2013-10-31,4219434,Amaranthine,7,TCABR1319434,,Streaming,17,0.0088137707739241176471,0.149834103156710000
2013-11-01,2014-01-28,Spotify,NO,"Made in Heights",HEIGHTS,Album,1071131,"MADE IN HEIGHTS",859711410123,2013-10-31,4219435,"Chatoyant (Beauty Bass)",8,TCABR1319435,,Streaming,17,0.0088137707739241176471,0.149834103156710000
2013-11-01,2014-01-28,Spotify,NO,"Made in Heights",HEIGHTS,Album,1071131,"MADE IN HEIGHTS",859711410123,2013-10-31,4219437,"Holla Mears",9,TCABR1319437,,Streaming,43,0.0073820365902634883721,0.317427573381330000
2013-11-01,2014-01-28,Spotify,NO,"Made in Heights, Sabzi",HEIGHTS,Album,1071153,"MADE IN HEIGHTS (Instrumentals)",859711410352,2013-10-31,4219594,"Skylark Interabang?! (Instrumentals)",1,TCABR1319594,,Streaming,7,0.0085594189386914285714,0.059915932570840000
2013-11-01,2014-01-28,Spotify,NO,"Made in Heights, Sabzi",HEIGHTS,Album,1071153,"MADE IN HEIGHTS (Instrumentals)",859711410352,2013-10-31,4219597,"All The Places (Instrumental)",2,TCABR1319597,,Streaming,2,0.0089918170585900000000,0.017983634117180000
2013-11-01,2014-01-28,Spotify,NO,"Made in Heights, Sabzi",HEIGHTS,Album,1071153,"MADE IN HEIGHTS (Instrumentals)",859711410352,2013-10-31,4219598,"Hors D'œuvre (Instrumental)",3,TCABR1319598,,Streaming,1,0.0089918170585900000000,0.008991817058590000
2013-11-01,2014-01-28,Spotify,NO,"Made in Heights, Sabzi",HEIGHTS,Album,1071153,"MADE IN HEIGHTS (Instrumentals)",859711410352,2013-10-31,4219599,"Wildflowers (Exhale Efreet) (Instrumental)",4,TCABR1319599,,Streaming,1,0.0089918170585900000000,0.008991817058590000
2013-11-01,2014-01-28,Spotify,NO,"Made in Heights, Sabzi",HEIGHTS,Album,1071153,"MADE IN HEIGHTS (Instrumentals)",859711410352,2013-10-31,4219600,"Viices (Instrumental)",5,TCABR1319600,,Streaming,1,0.0089918170585900000000,0.008991817058590000
2013-11-01,2014-01-28,Spotify,NO,"Made in Heights, Sabzi",HEIGHTS,Album,1071153,"MADE IN HEIGHTS (Instrumentals)",859711410352,2013-10-31,4219604,"Chatoyant (Beauty Bass) (Instrumental)",8,TCABR1319604,,Streaming,1,0.0089918170585900000000,0.008991817058590000
2013-11-01,2014-01-28,Spotify,NZ,"Made in Heights",HEIGHTS,Album,1071131,"MADE IN HEIGHTS",859711410123,2013-10-31,4219427,"Skylark Interabang?!",1,TCABR1319427,,Streaming,83,0.0054564052425824096386,0.452881635134340000
2013-11-01,2014-01-28,Spotify,NZ,"Made in Heights",HEIGHTS,Album,1071131,"MADE IN HEIGHTS",859711410123,2013-10-31,4219428,"All The Places",2,TCABR1319428,,Streaming,53,0.0066600629826667924528,0.352983338081340000
2013-11-01,2014-01-28,Spotify,NZ,"Made in Heights",HEIGHTS,Album,1071131,"MADE IN HEIGHTS",859711410123,2013-10-31,4219430,"Hors D'œuvre",3,TCABR1319430,,Streaming,24,0.0068746840095633333333,0.164992416229520000
2013-11-01,2014-01-28,Spotify,NZ,"Made in Heights",HEIGHTS,Album,1071131,"MADE IN HEIGHTS",859711410123,2013-10-31,4219431,"Wildflowers (Exhale Efreet)",4,TCABR1319431,,Streaming,27,0.0064337958535355555556,0.173712488045460000
2013-11-01,2014-01-28,Spotify,NZ,"Made in Heights",HEIGHTS,Album,1071131,"MADE IN HEIGHTS",859711410123,2013-10-31,4219432,Viices,5,TCABR1319432,,Streaming,68,0.0068591232511152941176,0.466420381075840000
2013-11-01,2014-01-28,Spotify,NZ,"Made in Heights",HEIGHTS,Album,1071131,"MADE IN HEIGHTS",859711410123,2013-10-31,4219433,Marguerite,6,TCABR1319433,,Streaming,34,0.0069524878018035294118,0.236384585261320000
2013-11-01,2014-01-28,Spotify,NZ,"Made in Heights",HEIGHTS,Album,1071131,"MADE IN HEIGHTS",859711410123,2013-10-31,4219434,Amaranthine,7,TCABR1319434,,Streaming,20,0.0068217774308400000000,0.136435548616800000
2014-09-01,2015-01-26,Deezer,FR,"Made in Heights",HEIGHTS,Album,1071131,"MADE IN HEIGHTS",859711410123,2013-10-31,4219437,"Holla Mears",9,TCABR1319437,,Streaming,42,0.0056597142857142857143,0.237708000000000000
2014-09-01,2015-01-26,Deezer,FR,"Made in Heights, Sabzi",HEIGHTS,Album,1071153,"MADE IN HEIGHTS (Instrumentals)",859711410352,2013-10-31,4219599,"Wildflowers (Exhale Efreet) (Instrumental)",4,TCABR1319599,,Streaming,1,0.0049160000000000000000,0.004916000000000000
2014-09-01,2015-01-26,Deezer,FR,"Made in Heights, Sabzi",HEIGHTS,Album,1071153,"MADE IN HEIGHTS (Instrumentals)",859711410352,2013-10-31,4219600,"Viices (Instrumental)",5,TCABR1319600,,Streaming,1,0.0116760000000000000000,0.011676000000000000
2014-09-01,2015-01-26,Deezer,GB,"Made in Heights",HEIGHTS,Album,1071131,"MADE IN HEIGHTS",859711410123,2013-10-31,4219427,"Skylark Interabang?!",1,TCABR1319427,,Streaming,1,0.0133970000000000000000,0.013397000000000000
2014-09-01,2015-01-26,Deezer,GB,"Made in Heights",HEIGHTS,Album,1071131,"MADE IN HEIGHTS",859711410123,2013-10-31,4219428,"All The Places",2,TCABR1319428,,Streaming,35,0.0128493428571428571429,0.449727000000000000
2014-09-01,2015-01-26,Deezer,GB,"Made in Heights",HEIGHTS,Album,1071131,"MADE IN HEIGHTS",859711410123,2013-10-31,4219430,"Hors D'œuvre",3,TCABR1319430,,Streaming,4,0.0192352500000000000000,0.076941000000000000
2014-09-01,2015-01-26,Deezer,GB,"Made in Heights",HEIGHTS,Album,1071131,"MADE IN HEIGHTS",859711410123,2013-10-31,4219431,"Wildflowers (Exhale Efreet)",4,TCABR1319431,,Streaming,10,0.0104842000000000000000,0.104842000000000000
2014-09-01,2015-01-26,Deezer,GB,"Made in Heights",HEIGHTS,Album,1071131,"MADE IN HEIGHTS",859711410123,2013-10-31,4219432,Viices,5,TCABR1319432,,Streaming,32,0.0113345937500000000000,0.362707000000000000
2014-09-01,2015-01-26,Deezer,GB,"Made in Heights",HEIGHTS,Album,1071131,"MADE IN HEIGHTS",859711410123,2013-10-31,4219433,Marguerite,6,TCABR1319433,,Streaming,6,0.0090135000000000000000,0.054081000000000000
2014-10-01,2015-01-05,Spotify,PL,"Made in Heights, Sabzi",HEIGHTS,Album,1071153,"MADE IN HEIGHTS (Instrumentals)",859711410352,2013-10-31,4219604,"Chatoyant (Beauty Bass) (Instrumental)",8,TCABR1319604,,Streaming,12,0.0019169166666666666667,0.023003000000000000
2014-10-01,2015-01-05,Spotify,PL,"Made in Heights, Sabzi",HEIGHTS,Album,1071153,"MADE IN HEIGHTS (Instrumentals)",859711410352,2013-10-31,4219605,"Holla Mears (Instrumental)",9,TCABR1319605,,Streaming,11,0.0019170000000000000000,0.021087000000000000
2014-10-01,2015-01-05,Spotify,PT,"Made in Heights",HEIGHTS,Album,1071131,"MADE IN HEIGHTS",859711410123,2013-10-31,4219427,"Skylark Interabang?!",1,TCABR1319427,,Streaming,44,0.0019169545454545454545,0.084346000000000000
2014-10-01,2015-01-05,Spotify,PT,"Made in Heights",HEIGHTS,Album,1071131,"MADE IN HEIGHTS",859711410123,2013-10-31,4219428,"All The Places",2,TCABR1319428,,Streaming,52,0.0019169423076923076923,0.099681000000000000
2014-10-01,2015-01-05,Spotify,PT,"Made in Heights",HEIGHTS,Album,1071131,"MADE IN HEIGHTS",859711410123,2013-10-31,4219430,"Hors D'œuvre",3,TCABR1319430,,Streaming,29,0.0019169310344827586207,0.055591000000000000
2014-10-01,2015-01-05,Spotify,PT,"Made in Heights",HEIGHTS,Album,1071131,"MADE IN HEIGHTS",859711410123,2013-10-31,4219431,"Wildflowers (Exhale Efreet)",4,TCABR1319431,,Streaming,87,0.0019169310344827586207,0.166773000000000000
2014-10-01,2015-01-05,Spotify,PT,"Made in Heights",HEIGHTS,Album,1071131,"MADE IN HEIGHTS",859711410123,2013-10-31,4219432,Viices,5,TCABR1319432,,Streaming,54,0.0019169259259259259259,0.103514000000000000
2014-10-01,2015-01-05,Spotify,PT,"Made in Heights",HEIGHTS,Album,1071131,"MADE IN HEIGHTS",859711410123,2013-10-31,4219433,Marguerite,6,TCABR1319433,,Streaming,29,0.0019169310344827586207,0.055591000000000000
2014-10-01,2015-01-05,Spotify,PT,"Made in Heights",HEIGHTS,Album,1071131,"MADE IN HEIGHTS",859711410123,2013-10-31,4219434,Amaranthine,7,TCABR1319434,,Streaming,22,0.0019169545454545454545,0.042173000000000000
2014-10-01,2015-01-05,Spotify,PT,"Made in Heights",HEIGHTS,Album,1071131,"MADE IN HEIGHTS",859711410123,2013-10-31,4219435,"Chatoyant (Beauty Bass)",8,TCABR1319435,,Streaming,22,0.0019169090909090909091,0.042172000000000000
2014-10-01,2015-01-05,Spotify,PT,"Made in Heights",HEIGHTS,Album,1071131,"MADE IN HEIGHTS",859711410123,2013-10-31,4219437,"Holla Mears",9,TCABR1319437,,Streaming,131,0.0019169389312977099237,0.251119000000000000
2014-10-01,2015-01-05,Spotify,PT,"Made in Heights, Sabzi",HEIGHTS,Album,1071153,"MADE IN HEIGHTS (Instrumentals)",859711410352,2013-10-31,4219605,"Holla Mears (Instrumental)",9,TCABR1319605,,Streaming,1,0.0019170000000000000000,0.001917000000000000
2014-10-01,2015-01-05,Spotify,PY,"Made in Heights",HEIGHTS,Album,1071131,"MADE IN HEIGHTS",859711410123,2013-10-31,4219427,"Skylark Interabang?!",1,TCABR1319427,,Streaming,2,0.0015300000000000000000,0.003060000000000000
2014-10-01,2015-01-05,Spotify,PY,"Made in Heights",HEIGHTS,Album,1071131,"MADE IN HEIGHTS",859711410123,2013-10-31,4219432,Viices,5,TCABR1319432,,Streaming,2,0.0015300000000000000000,0.003060000000000000
2014-10-01,2015-01-05,Spotify,PY,"Made in Heights",HEIGHTS,Album,1071131,"MADE IN HEIGHTS",859711410123,2013-10-31,4219437,"Holla Mears",9,TCABR1319437,,Streaming,6,0.0015300000000000000000,0.009180000000000000
2014-10-01,2015-01-05,Spotify,PY,"Made in Heights, Sabzi",HEIGHTS,Album,1071153,"MADE IN HEIGHTS (Instrumentals)",859711410352,2013-10-31,4219594,"Skylark Interabang?! (Instrumentals)",1,TCABR1319594,,Streaming,1,0.0015300000000000000000,0.001530000000000000
2014-10-01,2015-01-05,Spotify,SE,"Made in Heights",HEIGHTS,Album,1071131,"MADE IN HEIGHTS",859711410123,2013-10-31,4219427,"Skylark Interabang?!",1,TCABR1319427,,Streaming,980,0.0069238183673469387755,6.785342000000000000
2014-10-01,2015-01-05,Spotify,SE,"Made in Heights",HEIGHTS,Album,1071131,"MADE IN HEIGHTS",859711410123,2013-10-31,4219428,"All The Places",2,TCABR1319428,,Streaming,649,0.0063324483821263482280,4.109759000000000000
2014-10-01,2015-01-05,Spotify,SE,"Made in Heights",HEIGHTS,Album,1071131,"MADE IN HEIGHTS",859711410123,2013-10-31,4219430,"Hors D'œuvre",3,TCABR1319430,,Streaming,269,0.0070722081784386617100,1.902424000000000000
2014-10-01,2015-01-05,Spotify,SE,"Made in Heights",HEIGHTS,Album,1071131,"MADE IN HEIGHTS",859711410123,2013-10-31,4219431,"Wildflowers (Exhale Efreet)",4,TCABR1319431,,Streaming,667,0.0062228230884557721139,4.150623000000000000
2014-10-01,2015-01-05,Spotify,SE,"Made in Heights",HEIGHTS,Album,1071131,"MADE IN HEIGHTS",859711410123,2013-10-31,4219432,Viices,5,TCABR1319432,,Streaming,865,0.0069469872832369942197,6.009144000000000000
2014-10-01,2015-01-05,Spotify,SE,"Made in Heights",HEIGHTS,Album,1071131,"MADE IN HEIGHTS",859711410123,2013-10-31,4219433,Marguerite,6,TCABR1319433,,Streaming,187,0.0062986149732620320856,1.177841000000000000
2014-10-01,2015-01-05,Spotify,SE,"Made in Heights",HEIGHTS,Album,1071131,"MADE IN HEIGHTS",859711410123,2013-10-31,4219434,Amaranthine,7,TCABR1319434,,Streaming,324,0.0072017746913580246914,2.333375000000000000
2014-10-01,2015-01-05,Spotify,SE,"Made in Heights",HEIGHTS,Album,1071131,"MADE IN HEIGHTS",859711410123,2013-10-31,4219435,"Chatoyant (Beauty Bass)",8,TCABR1319435,,Streaming,204,0.0072498382352941176471,1.478967000000000000
2014-10-01,2015-01-05,Spotify,SE,"Made in Heights",HEIGHTS,Album,1071131,"MADE IN HEIGHTS",859711410123,2013-10-31,4219437,"Holla Mears",9,TCABR1319437,,Streaming,1045,0.0072975779904306220096,7.625969000000000000
2014-10-01,2015-01-05,Spotify,SE,"Made in Heights, Sabzi",HEIGHTS,Album,1071153,"MADE IN HEIGHTS (Instrumentals)",859711410352,2013-10-31,4219594,"Skylark Interabang?! (Instrumentals)",1,TCABR1319594,,Streaming,75,0.0075598533333333333333,0.566989000000000000
2014-10-01,2015-01-05,Spotify,SE,"Made in Heights, Sabzi",HEIGHTS,Album,1071153,"MADE IN HEIGHTS (Instrumentals)",859711410352,2013-10-31,4219597,"All The Places (Instrumental)",2,TCABR1319597,,Streaming,19,0.0077710526315789473684,0.147650000000000000
2014-10-01,2015-01-05,Spotify,SE,"Made in Heights, Sabzi",HEIGHTS,Album,1071153,"MADE IN HEIGHTS (Instrumentals)",859711410352,2013-10-31,4219598,"Hors D'œuvre (Instrumental)",3,TCABR1319598,,Streaming,29,0.0081774137931034482759,0.237145000000000000
2014-10-01,2015-01-05,Spotify,SE,"Made in Heights, Sabzi",HEIGHTS,Album,1071153,"MADE IN HEIGHTS (Instrumentals)",859711410352,2013-10-31,4219599,"Wildflowers (Exhale Efreet) (Instrumental)",4,TCABR1319599,,Streaming,21,0.0078098095238095238095,0.164006000000000000
2014-10-01,2015-01-05,Spotify,SE,"Made in Heights, Sabzi",HEIGHTS,Album,1071153,"MADE IN HEIGHTS (Instrumentals)",859711410352,2013-10-31,4219600,"Viices (Instrumental)",5,TCABR1319600,,Streaming,20,0.0077914000000000000000,0.155828000000000000
2014-10-01,2015-01-05,Spotify,SE,"Made in Heights, Sabzi",HEIGHTS,Album,1071153,"MADE IN HEIGHTS (Instrumentals)",859711410352,2013-10-31,4219601,"Marguerite (Instrumental)",6,TCABR1319601,,Streaming,20,0.0074054500000000000000,0.148109000000000000
2014-10-01,2015-01-05,Spotify,SE,"Made in Heights, Sabzi",HEIGHTS,Album,1071153,"MADE IN HEIGHTS (Instrumentals)",859711410352,2013-10-31,4219602,"Amaranthine (Instrumental)",7,TCABR1319602,,Streaming,23,0.0054923478260869565217,0.126324000000000000
2014-10-01,2015-01-05,Spotify,SE,"Made in Heights, Sabzi",HEIGHTS,Album,1071153,"MADE IN HEIGHTS (Instrumentals)",859711410352,2013-10-31,4219604,"Chatoyant (Beauty Bass) (Instrumental)",8,TCABR1319604,,Streaming,21,0.0078098095238095238095,0.164006000000000000
2014-10-01,2015-01-05,Spotify,SE,"Made in Heights, Sabzi",HEIGHTS,Album,1071153,"MADE IN HEIGHTS (Instrumentals)",859711410352,2013-10-31,4219605,"Holla Mears (Instrumental)",9,TCABR1319605,,Streaming,13,0.0075834615384615384615,0.098585000000000000
2014-10-01,2015-01-05,Spotify,SG,"Made in Heights",HEIGHTS,Album,1071131,"MADE IN HEIGHTS",859711410123,2013-10-31,4219427,"Skylark Interabang?!",1,TCABR1319427,,Streaming,66,0.0028458636363636363636,0.187827000000000000
2014-10-01,2015-01-05,Spotify,SG,"Made in Heights",HEIGHTS,Album,1071131,"MADE IN HEIGHTS",859711410123,2013-10-31,4219428,"All The Places",2,TCABR1319428,,Streaming,45,0.0027075333333333333333,0.121839000000000000
2014-10-01,2015-01-05,Spotify,SG,"Made in Heights",HEIGHTS,Album,1071131,"MADE IN HEIGHTS",859711410123,2013-10-31,4219430,"Hors D'œuvre",3,TCABR1319430,,Streaming,28,0.0037480714285714285714,0.104946000000000000
2014-10-01,2015-01-05,Spotify,SG,"Made in Heights",HEIGHTS,Album,1071131,"MADE IN HEIGHTS",859711410123,2013-10-31,4219431,"Wildflowers (Exhale Efreet)",4,TCABR1319431,,Streaming,70,0.0028111142857142857143,0.196778000000000000
2014-10-01,2015-01-05,Spotify,SG,"Made in Heights",HEIGHTS,Album,1071131,"MADE IN HEIGHTS",859711410123,2013-10-31,4219432,Viices,5,TCABR1319432,,Streaming,35,0.0031713428571428571429,0.110997000000000000
2014-10-01,2015-01-05,Spotify,SG,"Made in Heights",HEIGHTS,Album,1071131,"MADE IN HEIGHTS",859711410123,2013-10-31,4219433,Marguerite,6,TCABR1319433,,Streaming,32,0.0025980625000000000000,0.083138000000000000
2014-10-01,2015-01-05,Spotify,SG,"Made in Heights",HEIGHTS,Album,1071131,"MADE IN HEIGHTS",859711410123,2013-10-31,4219434,Amaranthine,7,TCABR1319434,,Streaming,12,0.0041600000000000000000,0.049920000000000000
2014-10-01,2015-01-05,Spotify,SG,"Made in Heights",HEIGHTS,Album,1071131,"MADE IN HEIGHTS",859711410123,2013-10-31,4219435,"Chatoyant (Beauty Bass)",8,TCABR1319435,,Streaming,26,0.0025333846153846153846,0.065868000000000000
2014-10-01,2015-01-05,Spotify,SG,"Made in Heights",HEIGHTS,Album,1071131,"MADE IN HEIGHTS",859711410123,2013-10-31,4219437,"Holla Mears",9,TCABR1319437,,Streaming,505,0.0018242693069306930693,0.921256000000000000
2014-10-01,2015-01-05,Spotify,SG,"Made in Heights, Sabzi",HEIGHTS,Album,1071153,"MADE IN HEIGHTS (Instrumentals)",859711410352,2013-10-31,4219594,"Skylark Interabang?! (Instrumentals)",1,TCABR1319594,,Streaming,9,0.0020240000000000000000,0.018216000000000000
2014-10-01,2015-01-05,Spotify,SG,"Made in Heights, Sabzi",HEIGHTS,Album,1071153,"MADE IN HEIGHTS (Instrumentals)",859711410352,2013-10-31,4219597,"All The Places (Instrumental)",2,TCABR1319597,,Streaming,7,0.0014137142857142857143,0.009896000000000000
2014-10-01,2015-01-05,Spotify,SG,"Made in Heights, Sabzi",HEIGHTS,Album,1071153,"MADE IN HEIGHTS (Instrumentals)",859711410352,2013-10-31,4219598,"Hors D'œuvre (Instrumental)",3,TCABR1319598,,Streaming,6,0.0015968333333333333333,0.009581000000000000
2014-10-01,2015-01-05,Spotify,SG,"Made in Heights, Sabzi",HEIGHTS,Album,1071153,"MADE IN HEIGHTS (Instrumentals)",859711410352,2013-10-31,4219599,"Wildflowers (Exhale Efreet) (Instrumental)",4,TCABR1319599,,Streaming,5,0.0010842000000000000000,0.005421000000000000
2014-10-01,2015-01-05,Spotify,SG,"Made in Heights, Sabzi",HEIGHTS,Album,1071153,"MADE IN HEIGHTS (Instrumentals)",859711410352,2013-10-31,4219600,"Viices (Instrumental)",5,TCABR1319600,,Streaming,4,0.0022377500000000000000,0.008951000000000000
2014-10-01,2015-01-05,Spotify,SG,"Made in Heights, Sabzi",HEIGHTS,Album,1071153,"MADE IN HEIGHTS (Instrumentals)",859711410352,2013-10-31,4219601,"Marguerite (Instrumental)",6,TCABR1319601,,Streaming,4,0.0031987500000000000000,0.012795000000000000
2014-10-01,2015-01-05,Spotify,SG,"Made in Heights, Sabzi",HEIGHTS,Album,1071153,"MADE IN HEIGHTS (Instrumentals)",859711410352,2013-10-31,4219602,"Amaranthine (Instrumental)",7,TCABR1319602,,Streaming,4,0.0031987500000000000000,0.012795000000000000
2014-10-01,2015-01-05,Spotify,SG,"Made in Heights, Sabzi",HEIGHTS,Album,1071153,"MADE IN HEIGHTS (Instrumentals)",859711410352,2013-10-31,4219604,"Chatoyant (Beauty Bass) (Instrumental)",8,TCABR1319604,,Streaming,2,0.0022375000000000000000,0.004475000000000000
2014-10-01,2015-01-05,Spotify,SG,"Made in Heights, Sabzi",HEIGHTS,Album,1071153,"MADE IN HEIGHTS (Instrumentals)",859711410352,2013-10-31,4219605,"Holla Mears (Instrumental)",9,TCABR1319605,,Streaming,7,0.0041600000000000000000,0.029120000000000000
2014-10-01,2015-01-05,Spotify,SK,"Made in Heights",HEIGHTS,Album,1071131,"MADE IN HEIGHTS",859711410123,2013-10-31,4219427,"Skylark Interabang?!",1,TCABR1319427,,Streaming,3,0.0019170000000000000000,0.005751000000000000
2014-10-01,2015-01-05,Spotify,SK,"Made in Heights",HEIGHTS,Album,1071131,"MADE IN HEIGHTS",859711410123,2013-10-31,4219428,"All The Places",2,TCABR1319428,,Streaming,2,0.0019170000000000000000,0.003834000000000000
2014-10-01,2015-01-05,Spotify,SK,"Made in Heights",HEIGHTS,Album,1071131,"MADE IN HEIGHTS",859711410123,2013-10-31,4219430,"Hors D'œuvre",3,TCABR1319430,,Streaming,1,0.0019170000000000000000,0.001917000000000000
2015-09-01,2015-12-07,Spotify,LU,"Made in Heights, Sabzi",HEIGHTS,Album,1071153,"MADE IN HEIGHTS (Instrumentals)",859711410352,2013-10-31,4219601,"Marguerite (Instrumental)",6,TCABR1319601,,Streaming,3,0.0093133333333333333333,0.027940000000000000
2015-09-01,2015-12-07,Spotify,LU,"Made in Heights, Sabzi",HEIGHTS,Album,1071153,"MADE IN HEIGHTS (Instrumentals)",859711410352,2013-10-31,4219602,"Amaranthine (Instrumental)",7,TCABR1319602,,Streaming,3,0.0093133333333333333333,0.027940000000000000
2015-09-01,2015-12-07,Spotify,LU,"Made in Heights, Sabzi",HEIGHTS,Album,1071153,"MADE IN HEIGHTS (Instrumentals)",859711410352,2013-10-31,4219604,"Chatoyant (Beauty Bass) (Instrumental)",8,TCABR1319604,,Streaming,3,0.0093133333333333333333,0.027940000000000000
2015-09-01,2015-12-07,Spotify,LU,"Made in Heights, Sabzi",HEIGHTS,Album,1071153,"MADE IN HEIGHTS (Instrumentals)",859711410352,2013-10-31,4219605,"Holla Mears (Instrumental)",9,TCABR1319605,,Streaming,2,0.0093130000000000000000,0.018626000000000000
2015-09-01,2015-12-07,Spotify,LU,"Made in Heights",HEIGHTS,Single,1301776,Murakami,859713843639,2014-12-08,5242305,Murakami,1,TCACC1442305,,Streaming,1,0.0093130000000000000000,0.009313000000000000
2015-09-01,2015-12-07,Spotify,LU,"Made In Heights",HEIGHTS,Album,1385128,"Without My Enemy What Would I Do",859714714778,2015-04-28,5553968,Death,1,TCACF1553968,TCACC1440052,Streaming,13,0.0093132307692307692308,0.121072000000000000
2015-09-01,2015-12-07,Spotify,LU,"Made In Heights",HEIGHTS,Album,1385128,"Without My Enemy What Would I Do",859714714778,2015-04-28,5553979,Pirouette,2,TCACF1553979,TCACC1434177,Streaming,21,0.0095096666666666666667,0.199703000000000000
2015-09-01,2015-12-07,Spotify,LU,"Made In Heights",HEIGHTS,Album,1385128,"Without My Enemy What Would I Do",859714714778,2015-04-28,5553981,Murakami,3,TCACF1553981,TCACC1442305,Streaming,34,0.0096722352941176470588,0.328856000000000000
2015-09-01,2015-12-07,Spotify,LU,"Made In Heights",HEIGHTS,Album,1385128,"Without My Enemy What Would I Do",859714714778,2015-04-28,5553982,Mantis,4,TCACF1553982,,Streaming,9,0.0093132222222222222222,0.083819000000000000
2015-09-01,2015-12-07,Spotify,LU,"Made In Heights",HEIGHTS,Album,1385128,"Without My Enemy What Would I Do",859714714778,2015-04-28,5553985,Panther,5,TCACF1553985,TCACB1469020,Streaming,86,0.0094212558139534883721,0.810228000000000000
2015-09-01,2015-12-07,Spotify,LU,"Made In Heights",HEIGHTS,Album,1385128,"Without My Enemy What Would I Do",859714714778,2015-04-28,5553990,Ghosts,6,TCACF1553990,TCACC1442283,Streaming,9,0.0093132222222222222222,0.083819000000000000
2015-09-01,2015-12-07,Spotify,LU,"Made In Heights",HEIGHTS,Album,1385128,"Without My Enemy What Would I Do",859714714778,2015-04-28,5553992,Lunette,7,TCACF1553992,,Streaming,7,0.0093131428571428571429,0.065192000000000000
2015-09-01,2015-12-07,Spotify,LU,"Made In Heights",HEIGHTS,Album,1385128,"Without My Enemy What Would I Do",859714714778,2015-04-28,5553994,"Silver Droplets",8,TCACF1553994,,Streaming,9,0.0093132222222222222222,0.083819000000000000
2015-09-01,2015-12-07,Spotify,LU,"Made In Heights",HEIGHTS,Album,1385128,"Without My Enemy What Would I Do",859714714778,2015-04-28,5553997,Cry,9,TCACF1553997,,Streaming,6,0.0093131666666666666667,0.055879000000000000
2015-09-01,2015-12-07,Spotify,LU,"Made In Heights",HEIGHTS,Album,1385128,"Without My Enemy What Would I Do",859714714778,2015-04-28,5554101,"Slow Burn",10,TCACF1554101,TCACF1554022,Streaming,96,0.0094127812500000000000,0.903627000000000000
2015-09-01,2015-12-07,Spotify,LU,"Made In Heights",HEIGHTS,Album,1385128,"Without My Enemy What Would I Do",859714714778,2015-04-28,5554102,Forgiveness,11,TCACF1554102,TCACF1509675,Streaming,14,0.0091536428571428571429,0.128151000000000000
2015-09-01,2015-12-07,Spotify,LU,"Made In Heights",HEIGHTS,Album,1385128,"Without My Enemy What Would I Do",859714714778,2015-04-28,5554103,"Pop It in 2",12,TCACF1554103,,Streaming,29,0.0093132068965517241379,0.270083000000000000
2015-09-01,2015-12-07,Spotify,LU,"Made In Heights",HEIGHTS,Album,1385128,"Without My Enemy What Would I Do",859714714778,2015-04-28,5554104,Drexler,13,TCACF1554104,,Streaming,12,0.0093131666666666666667,0.111758000000000000
2015-09-01,2015-12-07,Spotify,LV,"Made in Heights",HEIGHTS,Album,1071131,"MADE IN HEIGHTS",859711410123,2013-10-31,4219427,"Skylark Interabang?!",1,TCABR1319427,,Streaming,56,0.0028453035714285714286,0.159337000000000000
2015-09-01,2015-12-07,Spotify,LV,"Made in Heights",HEIGHTS,Album,1071131,"MADE IN HEIGHTS",859711410123,2013-10-31,4219428,"All The Places",2,TCABR1319428,,Streaming,24,0.0013262083333333333333,0.031829000000000000
2015-09-01,2015-12-07,Spotify,LV,"Made in Heights",HEIGHTS,Album,1071131,"MADE IN HEIGHTS",859711410123,2013-10-31,4219430,"Hors D'œuvre",3,TCABR1319430,,Streaming,12,0.0030558333333333333333,0.036670000000000000
2015-09-01,2015-12-07,Spotify,LV,"Made in Heights",HEIGHTS,Album,1071131,"MADE IN HEIGHTS",859711410123,2013-10-31,4219431,"Wildflowers (Exhale Efreet)",4,TCABR1319431,,Streaming,75,0.0026579866666666666667,0.199349000000000000
2015-09-01,2015-12-07,Spotify,LV,"Made in Heights",HEIGHTS,Album,1071131,"MADE IN HEIGHTS",859711410123,2013-10-31,4219432,Viices,5,TCABR1319432,,Streaming,30,0.0015856333333333333333,0.047569000000000000
2015-09-01,2015-12-07,Spotify,LV,"Made in Heights",HEIGHTS,Album,1071131,"MADE IN HEIGHTS",859711410123,2013-10-31,4219433,Marguerite,6,TCABR1319433,,Streaming,17,0.0030812352941176470588,0.052381000000000000
2015-09-01,2015-12-07,Spotify,LV,"Made in Heights",HEIGHTS,Album,1071131,"MADE IN HEIGHTS",859711410123,2013-10-31,4219434,Amaranthine,7,TCABR1319434,,Streaming,25,0.0008591600000000000000,0.021479000000000000
2015-09-01,2015-12-07,Spotify,LV,"Made in Heights",HEIGHTS,Album,1071131,"MADE IN HEIGHTS",859711410123,2013-10-31,4219435,"Chatoyant (Beauty Bass)",8,TCABR1319435,,Streaming,13,0.0016254615384615384615,0.021131000000000000
2015-09-01,2015-12-07,Spotify,LV,"Made in Heights",HEIGHTS,Album,1071131,"MADE IN HEIGHTS",859711410123,2013-10-31,4219437,"Holla Mears",9,TCABR1319437,,Streaming,83,0.0019669879518072289157,0.163260000000000000
2015-09-01,2015-12-07,Spotify,LV,"Made in Heights, Sabzi",HEIGHTS,Album,1071153,"MADE IN HEIGHTS (Instrumentals)",859711410352,2013-10-31,4219594,"Skylark Interabang?! (Instrumentals)",1,TCABR1319594,,Streaming,1,0.0000290000000000000000,0.000029000000000000
2015-09-01,2015-12-07,Spotify,LV,"Made in Heights, Sabzi",HEIGHTS,Album,1071153,"MADE IN HEIGHTS (Instrumentals)",859711410352,2013-10-31,4219597,"All The Places (Instrumental)",2,TCABR1319597,,Streaming,3,0.0000286666666666666667,0.000086000000000000
2015-09-01,2015-12-07,Spotify,LV,"Made in Heights, Sabzi",HEIGHTS,Album,1071153,"MADE IN HEIGHTS (Instrumentals)",859711410352,2013-10-31,4219598,"Hors D'œuvre (Instrumental)",3,TCABR1319598,,Streaming,1,0.0000290000000000000000,0.000029000000000000
2015-09-01,2015-12-07,Spotify,LV,"Made in Heights, Sabzi",HEIGHTS,Album,1071153,"MADE IN HEIGHTS (Instrumentals)",859711410352,2013-10-31,4219599,"Wildflowers (Exhale Efreet) (Instrumental)",4,TCABR1319599,,Streaming,1,0.0000290000000000000000,0.000029000000000000
2015-09-01,2015-12-07,Spotify,LV,"Made in Heights, Sabzi",HEIGHTS,Album,1071153,"MADE IN HEIGHTS (Instrumentals)",859711410352,2013-10-31,4219600,"Viices (Instrumental)",5,TCABR1319600,,Streaming,8,0.0006776250000000000000,0.005421000000000000
2015-09-01,2015-12-07,Spotify,LV,"Made in Heights, Sabzi",HEIGHTS,Album,1071153,"MADE IN HEIGHTS (Instrumentals)",859711410352,2013-10-31,4219601,"Marguerite (Instrumental)",6,TCABR1319601,,Streaming,2,0.0000290000000000000000,0.000058000000000000
2015-09-01,2015-12-07,Spotify,LV,"Made in Heights, Sabzi",HEIGHTS,Album,1071153,"MADE IN HEIGHTS (Instrumentals)",859711410352,2013-10-31,4219602,"Amaranthine (Instrumental)",7,TCABR1319602,,Streaming,2,0.0000290000000000000000,0.000058000000000000
2015-09-01,2015-12-07,Spotify,LV,"Made in Heights, Sabzi",HEIGHTS,Album,1071153,"MADE IN HEIGHTS (Instrumentals)",859711410352,2013-10-31,4219604,"Chatoyant (Beauty Bass) (Instrumental)",8,TCABR1319604,,Streaming,2,0.0000290000000000000000,0.000058000000000000
2015-09-01,2015-12-07,Spotify,LV,"Made in Heights, Sabzi",HEIGHTS,Album,1071153,"MADE IN HEIGHTS (Instrumentals)",859711410352,2013-10-31,4219605,"Holla Mears (Instrumental)",9,TCABR1319605,,Streaming,1,0.0000290000000000000000,0.000029000000000000
2015-09-01,2015-12-07,Spotify,LV,"Made In Heights",HEIGHTS,Album,1385128,"Without My Enemy What Would I Do",859714714778,2015-04-28,5553968,Death,1,TCACF1553968,TCACC1440052,Streaming,40,0.0028828500000000000000,0.115314000000000000
2015-09-01,2015-12-07,Spotify,LV,"Made In Heights",HEIGHTS,Album,1385128,"Without My Enemy What Would I Do",859714714778,2015-04-28,5553979,Pirouette,2,TCACF1553979,TCACC1434177,Streaming,210,0.0024179428571428571429,0.507768000000000000
2015-09-01,2015-12-07,Spotify,LV,"Made In Heights",HEIGHTS,Album,1385128,"Without My Enemy What Would I Do",859714714778,2015-04-28,5553981,Murakami,3,TCACF1553981,TCACC1442305,Streaming,425,0.0026096917647058823529,1.109119000000000000
2015-09-01,2015-12-07,Spotify,LV,"Made In Heights",HEIGHTS,Album,1385128,"Without My Enemy What Would I Do",859714714778,2015-04-28,5553982,Mantis,4,TCACF1553982,,Streaming,12,0.0030558333333333333333,0.036670000000000000
2015-09-01,2015-12-07,Spotify,LV,"Made In Heights",HEIGHTS,Album,1385128,"Without My Enemy What Would I Do",859714714778,2015-04-28,5553985,Panther,5,TCACF1553985,TCACB1469020,Streaming,427,0.0022646042154566744731,0.966986000000000000
2015-09-01,2015-12-07,Spotify,LV,"Made In Heights",HEIGHTS,Album,1385128,"Without My Enemy What Would I Do",859714714778,2015-04-28,5553990,Ghosts,6,TCACF1553990,TCACC1442283,Streaming,53,0.0014288679245283018868,0.075730000000000000
2015-09-01,2015-12-07,Spotify,LV,"Made In Heights",HEIGHTS,Album,1385128,"Without My Enemy What Would I Do",859714714778,2015-04-28,5553992,Lunette,7,TCACF1553992,,Streaming,9,0.0013543333333333333333,0.012189000000000000
2015-09-01,2015-12-07,Spotify,LV,"Made In Heights",HEIGHTS,Album,1385128,"Without My Enemy What Would I Do",859714714778,2015-04-28,5553994,"Silver Droplets",8,TCACF1553994,,Streaming,13,0.0020247692307692307692,0.026322000000000000
2015-09-01,2015-12-07,Spotify,LV,"Made In Heights",HEIGHTS,Album,1385128,"Without My Enemy What Would I Do",859714714778,2015-04-28,5553997,Cry,9,TCACF1553997,,Streaming,9,0.0023351111111111111111,0.021016000000000000
2015-09-01,2015-12-07,Spotify,LV,"Made In Heights",HEIGHTS,Album,1385128,"Without My Enemy What Would I Do",859714714778,2015-04-28,5554101,"Slow Burn",10,TCACF1554101,TCACF1554022,Streaming,677,0.0021487666174298375185,1.454715000000000000
2015-09-01,2015-12-07,Spotify,LV,"Made In Heights",HEIGHTS,Album,1385128,"Without My Enemy What Would I Do",859714714778,2015-04-28,5554102,Forgiveness,11,TCACF1554102,TCACF1509675,Streaming,56,0.0020349642857142857143,0.113958000000000000